timestamp,score,high_score,highest_tile,matrix
2026-01-18T16:42:53.078284,2689704,2689704,262144,"[[131072, 2048, 32768, 4096], [8192, 131072, 16384, 262144], [131072, 16384, 262144, 131072], [32768, 8192, 2048, 32768]]"
2026-01-18T16:43:19.657286,16728,2689704,1024,"[[128, 1024, 32, 1024], [1024, 512, 1024, 512], [512, 32, 512, 256], [256, 16, 8, 32]]"
2026-01-18T16:43:43.298184,13356,2689704,1024,"[[1024, 16, 1024, 128], [32, 1024, 128, 512], [256, 32, 64, 16], [16, 128, 256, 512]]"
2026-01-18T16:44:07.320929,14732,2689704,2048,"[[512, 256, 2048, 128], [32, 1024, 256, 1024], [16, 256, 128, 16], [32, 1024, 64, 128]]"
2026-01-18T16:44:53.345107,3045620,3045620,524288,"[[32768, 524288, 262144, 16384], [8192, 65536, 16384, 4096], [32768, 8192, 262144, 65536], [16384, 65536, 131072, 8192]]"
2026-01-18T16:45:22.419388,63516,3045620,8192,"[[1024, 64, 8192, 4096], [512, 4096, 2048, 1024], [64, 512, 1024, 256], [1024, 2048, 128, 8192]]"
2026-01-18T16:45:46.027476,32208,3045620,4096,"[[1024, 4096, 128, 1024], [128, 32, 4096, 256], [64, 256, 1024, 128], [256, 64, 512, 256]]"
2026-01-18T16:46:09.671353,26796,3045620,4096,"[[32, 4096, 64, 2048], [512, 2048, 128, 1024], [2048, 512, 64, 512], [64, 256, 32, 128]]"
2026-01-18T16:47:47.469064,30311251948,30311251948,4294967296,"[[1073741824, 536870912, 4294967296, 1073741824], [33554432, 2147483648, 268435456, 33554432], [536870912, 1073741824, 2147483648, 134217728], [33554432, 536870912, 268435456, 67108864]]"
2026-01-18T16:48:23.707563,97388,30311251948,16384,"[[2048, 512, 16384, 512], [512, 256, 4096, 2048], [256, 128, 1024, 512], [4096, 1024, 256, 2048]]"
2026-01-18T16:49:41.134267,142688788,30311251948,8388608,"[[262144, 4194304, 1048576, 8388608], [8388608, 1048576, 8388608, 65536], [4194304, 262144, 4194304, 524288], [2097152, 4194304, 524288, 131072]]"
2026-01-18T16:50:01.618784,7264,30311251948,512,"[[4, 128, 512, 128], [512, 8, 16, 512], [16, 128, 512, 128], [128, 16, 256, 64]]"
2026-01-18T16:50:33.827611,29392,30311251948,2048,"[[256, 2048, 32, 1024], [128, 1024, 2048, 128], [2048, 256, 1024, 256], [16, 64, 128, 32]]"
2026-01-18T16:50:53.650920,5084,30311251948,512,"[[64, 512, 256, 512], [16, 128, 32, 64], [8, 64, 8, 256], [4, 16, 64, 128]]"
2026-01-18T16:51:24.592313,40164,30311251948,4096,"[[512, 4096, 1024, 128], [256, 1024, 4096, 256], [2048, 64, 2048, 128], [1024, 32, 1024, 512]]"
2026-01-18T16:51:43.184567,2772,30311251948,256,"[[128, 256, 128, 256], [32, 128, 2, 16], [128, 256, 32, 4], [32, 128, 8, 2]]"
2026-01-18T16:52:17.931026,48560,30311251948,8192,"[[256, 1024, 2048, 128], [1024, 8192, 1024, 2048], [2048, 4096, 256, 1024], [512, 1024, 2048, 512]]"
2026-01-18T16:53:06.074246,543584,30311251948,65536,"[[65536, 8192, 4096, 1024], [8192, 4096, 16384, 512], [512, 32768, 4096, 32768], [2048, 4096, 32768, 8192]]"
2026-01-18T16:54:43.452061,1109817460,30311251948,134217728,"[[67108864, 1048576, 67108864, 16777216], [16777216, 134217728, 1048576, 2097152], [8388608, 67108864, 8388608, 67108864], [2097152, 4194304, 1048576, 16777216]]"
2026-01-18T16:55:05.808140,9360,30311251948,1024,"[[1024, 256, 32, 512], [256, 128, 512, 128], [16, 512, 128, 64], [8, 32, 512, 128]]"
2026-01-18T16:55:24.395791,5088,30311251948,1024,"[[512, 128, 32, 64], [128, 1024, 256, 32], [256, 128, 32, 64], [128, 8, 16, 32]]"
2026-01-18T16:55:44.675059,6700,30311251948,512,"[[64, 512, 32, 512], [16, 256, 16, 256], [8, 64, 512, 64], [4, 8, 256, 128]]"
2026-01-18T16:56:01.164192,3176,30311251948,256,"[[32, 256, 16, 256], [256, 16, 4, 16], [32, 8, 2, 4], [64, 256, 4, 128]]"
2026-01-18T16:56:15.352695,2140,30311251948,256,"[[8, 128, 256, 64], [64, 16, 128, 16], [4, 256, 4, 64], [16, 32, 2, 8]]"
2026-01-18T16:57:01.015148,174676,30311251948,16384,"[[4096, 128, 16384, 1024], [1024, 16384, 4096, 512], [512, 4096, 512, 16384], [1024, 2048, 256, 4096]]"
2026-01-18T16:57:28.829595,73168,30311251948,8192,"[[256, 4096, 2048, 8192], [128, 2048, 8192, 2048], [512, 128, 2048, 128], [128, 256, 1024, 512]]"
2026-01-18T16:57:48.216164,5144,30311251948,512,"[[256, 32, 512, 64], [32, 4, 128, 4], [512, 16, 64, 16], [128, 64, 512, 32]]"
2026-01-18T16:57:59.482703,1472,30311251948,256,"[[128, 64, 4, 64], [64, 8, 128, 4], [32, 256, 4, 16], [8, 64, 32, 8]]"
2026-01-18T16:58:17.845971,4868,30311251948,512,"[[128, 32, 128, 32], [32, 512, 32, 256], [4, 128, 512, 32], [16, 8, 64, 256]]"
2026-01-18T16:58:35.168904,3952,30311251948,512,"[[4, 64, 512, 16], [64, 8, 64, 8], [512, 32, 16, 4], [16, 256, 4, 64]]"
2026-01-18T16:58:46.209572,1516,30311251948,256,"[[4, 256, 32, 128], [8, 4, 8, 64], [2, 128, 4, 8], [8, 32, 128, 4]]"
2026-01-18T16:59:06.471943,8052,30311251948,1024,"[[256, 512, 1024, 256], [16, 256, 16, 8], [8, 32, 256, 32], [128, 512, 16, 512]]"
2026-01-18T16:59:30.731743,27256,30311251948,4096,"[[256, 128, 2048, 128], [128, 32, 1024, 4096], [1024, 64, 512, 1024], [128, 2048, 256, 512]]"
2026-01-18T16:59:58.309794,16564,30311251948,1024,"[[128, 1024, 16, 1024], [512, 128, 1024, 64], [64, 1024, 32, 8], [512, 64, 256, 16]]"
2026-01-18T17:00:36.931145,56760,30311251948,4096,"[[32, 1024, 4096, 1024], [2048, 64, 1024, 64], [128, 2048, 512, 4096], [2048, 64, 256, 32]]"
2026-01-18T17:00:54.466211,8224,30311251948,1024,"[[16, 256, 512, 128], [8, 32, 1024, 256], [64, 1024, 256, 32], [32, 16, 128, 256]]"
2026-01-18T17:01:24.557038,48576,30311251948,4096,"[[2048, 4096, 256, 2048], [1024, 128, 32, 1024], [256, 64, 4096, 256], [1024, 256, 2048, 64]]"
2026-01-18T17:02:36.083949,164100348,30311251948,16777216,"[[16777216, 131072, 16777216, 2097152], [4194304, 262144, 8388608, 131072], [2097152, 1048576, 2097152, 524288], [8388608, 4194304, 524288, 131072]]"
2026-01-18T17:03:13.122492,92648,30311251948,8192,"[[8192, 1024, 8192, 512], [1024, 4096, 1024, 256], [256, 64, 128, 2048], [4096, 1024, 512, 256]]"
2026-01-18T17:03:33.550218,18736,30311251948,4096,"[[64, 512, 4096, 512], [32, 256, 1024, 256], [64, 2048, 256, 512], [32, 256, 2048, 128]]"
2026-01-18T17:04:34.438038,11233860,30311251948,2097152,"[[65536, 2097152, 65536, 262144], [2097152, 65536, 262144, 65536], [524288, 131072, 65536, 32768], [262144, 65536, 32768, 16384]]"
2026-01-18T17:05:52.127253,377000616,30311251948,33554432,"[[16777216, 33554432, 16777216, 4194304], [2097152, 16777216, 2097152, 1048576], [33554432, 4194304, 1048576, 262144], [8388608, 2097152, 16777216, 1048576]]"
2026-01-18T17:07:14.475218,5647908716,30311251948,536870912,"[[16777216, 536870912, 268435456, 536870912], [33554432, 67108864, 33554432, 268435456], [16777216, 33554432, 268435456, 67108864], [8388608, 4194304, 33554432, 134217728]]"
2026-01-18T17:09:16.415087,12402948399852,12402948399852,1099511627776,"[[549755813888, 17179869184, 1099511627776, 274877906944], [274877906944, 1099511627776, 274877906944, 68719476736], [34359738368, 549755813888, 68719476736, 274877906944], [274877906944, 137438953472, 34359738368, 137438953472]]"
2026-01-18T17:09:59.084519,2460912,12402948399852,262144,"[[32768, 131072, 262144, 65536], [4096, 8192, 131072, 16384], [2048, 262144, 65536, 8192], [4096, 8192, 16384, 65536]]"
2026-01-18T17:10:12.033871,1932,12402948399852,256,"[[16, 64, 256, 64], [8, 2, 4, 128], [4, 8, 2, 32], [128, 16, 256, 8]]"
2026-01-18T17:11:00.995276,2332684,12402948399852,262144,"[[65536, 16384, 262144, 16384], [32768, 262144, 32768, 8192], [8192, 32768, 8192, 2048], [32768, 131072, 32768, 8192]]"
2026-01-18T17:11:32.818578,126012,12402948399852,16384,"[[16384, 4096, 1024, 256], [8192, 2048, 8192, 128], [4096, 512, 128, 1024], [2048, 8192, 2048, 256]]"
2026-01-18T17:12:12.567600,239196,12402948399852,32768,"[[4096, 16384, 8192, 32768], [1024, 8192, 512, 4096], [256, 4096, 2048, 1024], [1024, 256, 4096, 512]]"
2026-01-18T17:12:32.832754,5912,12402948399852,512,"[[128, 512, 256, 128], [16, 256, 32, 16], [512, 4, 512, 128], [16, 32, 8, 16]]"
2026-01-18T17:12:52.254321,4920,12402948399852,512,"[[64, 256, 32, 512], [32, 64, 512, 256], [16, 512, 256, 32], [8, 256, 64, 16]]"
2026-01-18T17:13:17.118109,14268,12402948399852,1024,"[[256, 1024, 64, 1024], [128, 64, 1024, 128], [1024, 8, 256, 64], [512, 256, 128, 32]]"
2026-01-18T17:14:23.218637,137510300,12402948399852,16777216,"[[524288, 8388608, 131072, 4194304], [2097152, 1048576, 8388608, 1048576], [1048576, 16777216, 1048576, 131072], [2097152, 8388608, 131072, 262144]]"
2026-01-18T17:15:00.447828,198692,12402948399852,16384,"[[128, 2048, 4096, 16384], [16384, 1024, 128, 512], [8192, 4096, 16384, 2048], [512, 256, 128, 1024]]"
2026-01-18T17:15:45.836852,465620,12402948399852,65536,"[[32768, 1024, 65536, 8192], [16384, 32768, 16384, 4096], [8192, 512, 8192, 1024], [4096, 8192, 2048, 16384]]"
2026-01-18T17:16:43.530012,10127668,12402948399852,1048576,"[[32768, 524288, 262144, 16384], [16384, 262144, 1048576, 131072], [65536, 32768, 131072, 1048576], [262144, 16384, 8192, 65536]]"
2026-01-18T17:17:17.624306,394372,12402948399852,32768,"[[8192, 512, 32768, 8192], [2048, 256, 16384, 32768], [512, 32768, 8192, 1024], [256, 1024, 4096, 512]]"
2026-01-18T17:17:52.354088,210024,12402948399852,16384,"[[8192, 16384, 8192, 512], [2048, 8192, 1024, 16384], [128, 4096, 16384, 2048], [1024, 2048, 512, 1024]]"
2026-01-18T17:18:22.028742,35496,12402948399852,4096,"[[512, 4096, 2048, 4096], [128, 2048, 1024, 512], [64, 1024, 512, 64], [1024, 256, 2048, 256]]"
2026-01-18T17:19:02.410233,1522068,12402948399852,262144,"[[32768, 4096, 131072, 2048], [2048, 65536, 8192, 262144], [8192, 131072, 65536, 32768], [4096, 8192, 16384, 65536]]"
2026-01-18T17:19:19.749108,4272,12402948399852,1024,"[[64, 128, 1024, 128], [32, 16, 256, 64], [16, 256, 128, 8], [64, 128, 64, 512]]"
2026-01-18T17:20:08.093803,654380,12402948399852,65536,"[[4096, 16384, 65536, 4096], [512, 65536, 4096, 2048], [4096, 1024, 2048, 65536], [1024, 2048, 4096, 512]]"
2026-01-18T17:20:20.609161,1148,12402948399852,128,"[[16, 128, 16, 128], [128, 16, 128, 16], [64, 8, 2, 64], [16, 4, 64, 16]]"
2026-01-18T17:20:47.603955,14024,12402948399852,1024,"[[512, 1024, 64, 256], [128, 512, 1024, 8], [1024, 128, 512, 32], [256, 16, 64, 128]]"
2026-01-18T17:21:22.568920,154176,12402948399852,16384,"[[512, 4096, 8192, 16384], [16384, 2048, 1024, 4096], [8192, 1024, 128, 1024], [4096, 256, 4096, 512]]"
2026-01-18T17:21:44.731676,6520,12402948399852,512,"[[64, 512, 8, 128], [4, 256, 4, 64], [256, 32, 512, 16], [8, 512, 16, 128]]"
2026-01-18T17:22:50.212670,73364316,12402948399852,8388608,"[[2097152, 262144, 131072, 8388608], [262144, 524288, 8388608, 1048576], [2097152, 131072, 262144, 131072], [524288, 2097152, 4194304, 2097152]]"
2026-01-18T17:23:25.134426,112408,12402948399852,8192,"[[4096, 64, 8192, 256], [64, 8192, 256, 4096], [8192, 2048, 128, 512], [4096, 64, 2048, 128]]"
2026-01-18T17:23:38.496796,1500,12402948399852,256,"[[32, 128, 256, 128], [64, 32, 128, 32], [16, 128, 32, 2], [32, 2, 8, 4]]"
2026-01-18T17:24:37.789791,7151100,12402948399852,1048576,"[[262144, 1048576, 524288, 262144], [32768, 524288, 262144, 16384], [524288, 32768, 131072, 8192], [16384, 131072, 65536, 16384]]"
2026-01-18T17:25:21.077033,114184,12402948399852,8192,"[[8192, 64, 128, 4096], [4096, 1024, 4096, 64], [512, 64, 8192, 256], [1024, 8192, 2048, 1024]]"
2026-01-18T17:25:44.246603,12396,12402948399852,1024,"[[1024, 32, 128, 1024], [256, 1024, 16, 256], [32, 512, 8, 128], [64, 128, 32, 512]]"
2026-01-18T17:25:58.632636,1696,12402948399852,256,"[[128, 32, 128, 256], [16, 4, 16, 32], [128, 64, 2, 16], [8, 16, 4, 8]]"
2026-01-18T17:26:22.285096,23092,12402948399852,4096,"[[64, 1024, 4096, 256], [256, 512, 64, 32], [32, 1024, 256, 2048], [128, 512, 32, 512]]"
2026-01-18T17:26:43.191109,8720,12402948399852,1024,"[[256, 64, 512, 32], [128, 32, 64, 1024], [64, 16, 1024, 128], [16, 512, 128, 64]]"
2026-01-18T17:27:15.407097,54312,12402948399852,4096,"[[32, 4096, 1024, 4096], [4096, 1024, 32, 1024], [2048, 32, 128, 512], [256, 1024, 64, 128]]"
2026-01-18T17:28:10.629617,5868320,12402948399852,524288,"[[16384, 131072, 4096, 262144], [524288, 16384, 524288, 131072], [16384, 4096, 262144, 16384], [8192, 16384, 131072, 262144]]"
2026-01-18T17:28:25.010955,1868,12402948399852,256,"[[64, 128, 2, 128], [256, 8, 128, 32], [64, 32, 16, 8], [32, 16, 128, 2]]"
2026-01-18T17:28:38.978463,3448,12402948399852,512,"[[128, 512, 128, 16], [32, 256, 16, 4], [256, 64, 8, 128], [64, 32, 256, 16]]"
2026-01-18T17:29:14.113166,33116,12402948399852,2048,"[[1024, 2048, 256, 2048], [128, 1024, 2048, 128], [32, 128, 1024, 512], [256, 1024, 512, 32]]"
2026-01-18T17:29:42.995372,38116,12402948399852,4096,"[[64, 512, 256, 4096], [512, 256, 32, 128], [64, 4096, 256, 32], [512, 2048, 512, 1024]]"
2026-01-18T17:30:09.105272,61580,12402948399852,8192,"[[128, 8192, 2048, 256], [8192, 128, 256, 1024], [2048, 64, 4096, 512], [1024, 4096, 512, 256]]"
2026-01-18T17:30:33.364297,8664,12402948399852,1024,"[[128, 512, 256, 512], [64, 1024, 64, 256], [16, 64, 32, 512], [8, 512, 16, 64]]"
2026-01-18T17:31:24.395435,7310300,12402948399852,1048576,"[[32768, 262144, 1048576, 65536], [16384, 1048576, 262144, 32768], [524288, 262144, 32768, 8192], [262144, 65536, 16384, 262144]]"
2026-01-18T17:31:39.841889,1648,12402948399852,256,"[[64, 256, 64, 32], [16, 64, 128, 16], [8, 32, 64, 8], [32, 128, 32, 64]]"
2026-01-18T17:33:09.642227,3865921548,12402948399852,536870912,"[[4194304, 33554432, 134217728, 67108864], [536870912, 134217728, 4194304, 33554432], [268435456, 8388608, 134217728, 4194304], [134217728, 33554432, 8388608, 67108864]]"
2026-01-18T17:36:19.640014,2358174007895438656,2358174007895438656,288230376151711744,"[[144115188075855872, 288230376151711744, 72057594037927936, 288230376151711744], [36028797018963968, 72057594037927936, 36028797018963968, 72057594037927936], [9007199254740992, 36028797018963968, 4503599627370496, 36028797018963968], [4503599627370496, 18014398509481984, 36028797018963968, 9007199254740992]]"
2026-01-18T17:36:34.455100,4052,2358174007895438656,512,"[[512, 32, 256, 32], [32, 16, 32, 128], [512, 32, 128, 64], [16, 256, 4, 32]]"
2026-01-18T17:36:52.225331,2992,2358174007895438656,256,"[[32, 256, 32, 2], [8, 128, 256, 32], [256, 32, 128, 16], [8, 64, 16, 8]]"
2026-01-18T17:37:04.737260,1992,2358174007895438656,256,"[[256, 32, 256, 128], [32, 4, 128, 16], [16, 8, 64, 4], [64, 4, 8, 2]]"
2026-01-18T17:37:38.590965,317636,2358174007895438656,32768,"[[16384, 8192, 32768, 2048], [512, 16384, 4096, 16384], [256, 512, 1024, 8192], [8192, 2048, 32768, 4096]]"
2026-01-18T17:38:09.131707,25148,2358174007895438656,2048,"[[2048, 64, 2048, 512], [1024, 256, 128, 256], [128, 2048, 64, 128], [64, 512, 256, 64]]"
2026-01-18T17:38:39.689396,13120,2358174007895438656,1024,"[[128, 512, 64, 1024], [512, 128, 1024, 256], [256, 16, 8, 32], [16, 512, 32, 128]]"
2026-01-18T17:38:52.613661,1600,2358174007895438656,256,"[[16, 256, 32, 16], [4, 64, 8, 32], [16, 256, 32, 2], [8, 32, 16, 4]]"
2026-01-18T17:40:02.650414,86883856,2358174007895438656,8388608,"[[524288, 8388608, 524288, 2097152], [262144, 2097152, 262144, 1048576], [8388608, 524288, 131072, 262144], [4194304, 131072, 262144, 4194304]]"
2026-01-18T17:41:33.254198,41479480368,2358174007895438656,4294967296,"[[4294967296, 2147483648, 268435456, 134217728], [2147483648, 536870912, 134217728, 536870912], [1073741824, 2147483648, 33554432, 2147483648], [268435456, 1073741824, 2147483648, 536870912]]"
2026-01-18T17:41:58.738561,29832,2358174007895438656,4096,"[[128, 4096, 256, 1024], [1024, 256, 64, 256], [32, 2048, 512, 2048], [128, 256, 2048, 32]]"
2026-01-18T17:42:20.461349,6868,2358174007895438656,1024,"[[8, 512, 256, 128], [64, 1024, 128, 256], [16, 512, 32, 128], [8, 128, 64, 512]]"
2026-01-18T17:42:35.695059,2740,2358174007895438656,512,"[[64, 128, 512, 16], [16, 64, 16, 8], [8, 32, 8, 16], [16, 256, 32, 8]]"
2026-01-18T17:42:59.281486,10080,2358174007895438656,1024,"[[512, 1024, 256, 512], [64, 512, 32, 128], [32, 1024, 8, 32], [64, 256, 32, 128]]"
2026-01-18T17:43:11.184872,1780,2358174007895438656,256,"[[8, 16, 32, 256], [2, 8, 128, 16], [8, 256, 4, 64], [4, 128, 2, 8]]"
2026-01-18T17:43:41.286198,22236,2358174007895438656,2048,"[[512, 256, 2048, 32], [64, 2048, 128, 2048], [256, 1024, 16, 512], [64, 128, 512, 64]]"
2026-01-18T17:43:58.827255,3996,2358174007895438656,512,"[[512, 256, 16, 128], [16, 128, 512, 32], [4, 64, 256, 16], [16, 32, 4, 8]]"
2026-01-18T17:44:41.705255,619496,2358174007895438656,65536,"[[4096, 65536, 16384, 32768], [1024, 32768, 8192, 65536], [4096, 8192, 4096, 512], [1024, 32768, 8192, 16384]]"
2026-01-18T17:45:14.935081,68628,2358174007895438656,8192,"[[2048, 8192, 1024, 512], [4096, 2048, 8192, 256], [1024, 512, 2048, 128], [512, 256, 64, 256]]"
2026-01-18T17:45:38.097939,15668,2358174007895438656,2048,"[[128, 1024, 64, 2048], [64, 256, 1024, 256], [16, 1024, 256, 128], [32, 16, 128, 64]]"
2026-01-18T17:47:28.556290,712532078424,2358174007895438656,68719476736,"[[34359738368, 17179869184, 34359738368, 1073741824], [2147483648, 68719476736, 17179869184, 8589934592], [1073741824, 34359738368, 8589934592, 34359738368], [4294967296, 1073741824, 2147483648, 17179869184]]"
2026-01-18T17:47:51.525299,11600,2358174007895438656,1024,"[[256, 1024, 512, 32], [1024, 16, 64, 16], [128, 32, 1024, 128], [32, 8, 512, 16]]"
2026-01-18T17:49:39.650402,4530350620,2358174007895438656,268435456,"[[268435456, 67108864, 268435456, 2097152], [67108864, 16777216, 67108864, 268435456], [268435456, 67108864, 2097152, 134217728], [134217728, 8388608, 16777216, 33554432]]"
2026-01-18T17:50:15.439196,83008,2358174007895438656,16384,"[[16384, 512, 2048, 256], [2048, 8192, 512, 128], [128, 4096, 256, 512], [512, 256, 2048, 8192]]"
2026-01-18T17:50:40.319490,9980,2358174007895438656,1024,"[[32, 512, 8, 256], [512, 128, 1024, 128], [128, 512, 16, 64], [8, 32, 256, 16]]"
2026-01-18T17:51:04.550751,8064,2358174007895438656,512,"[[512, 256, 512, 256], [256, 128, 256, 32], [32, 512, 128, 16], [512, 32, 64, 4]]"
2026-01-18T17:51:29.178854,38804,2358174007895438656,4096,"[[64, 512, 2048, 4096], [1024, 256, 512, 1024], [256, 64, 4096, 512], [2048, 32, 2048, 256]]"
2026-01-18T17:51:43.572372,2252,2358174007895438656,256,"[[32, 256, 32, 4], [16, 128, 16, 128], [8, 32, 8, 32], [256, 64, 32, 128]]"
2026-01-18T17:52:59.952698,232057604,2358174007895438656,16777216,"[[2097152, 16777216, 262144, 16777216], [524288, 2097152, 16777216, 8388608], [131072, 4194304, 8388608, 4194304], [262144, 1048576, 131072, 1048576]]"
2026-01-18T17:53:49.129577,2856608,2358174007895438656,262144,"[[8192, 262144, 131072, 262144], [131072, 65536, 4096, 131072], [8192, 32768, 131072, 32768], [2048, 16384, 65536, 16384]]"
2026-01-18T17:54:10.027920,19616,2358174007895438656,2048,"[[128, 2048, 1024, 2048], [64, 512, 2048, 1024], [16, 128, 256, 128], [64, 512, 32, 16]]"
2026-01-18T17:54:38.258589,28532,2358174007895438656,2048,"[[2048, 1024, 2048, 1024], [1024, 2048, 1024, 256], [128, 1024, 256, 128], [32, 256, 1024, 64]]"
2026-01-18T17:55:12.524713,224884,2358174007895438656,32768,"[[2048, 8192, 32768, 2048], [4096, 512, 4096, 8192], [2048, 16384, 2048, 256], [512, 256, 8192, 2048]]"
2026-01-18T17:55:29.243716,2352,2358174007895438656,256,"[[128, 256, 32, 256], [2, 16, 64, 16], [8, 2, 8, 4], [64, 16, 128, 16]]"
2026-01-18T17:56:49.183055,1081814400,2358174007895438656,134217728,"[[33554432, 134217728, 33554432, 2097152], [4194304, 67108864, 16777216, 67108864], [1048576, 2097152, 8388608, 33554432], [8388608, 4194304, 67108864, 2097152]]"
2026-01-18T17:57:08.176959,4744,2358174007895438656,512,"[[64, 512, 32, 128], [32, 256, 128, 32], [512, 128, 4, 128], [256, 8, 16, 64]]"
2026-01-18T18:04:31.315048,72032,2358174007895438656,8192,"[[256, 4096, 8192, 512], [4096, 128, 2048, 256], [1024, 4096, 1024, 2048], [256, 1024, 256, 64]]"
2026-01-18T18:04:59.305352,80404,2358174007895438656,8192,"[[4096, 128, 2048, 8192], [1024, 4096, 1024, 4096], [2048, 256, 512, 1024], [64, 128, 1024, 8192]]"
2026-01-18T18:05:58.279539,9959640,2358174007895438656,1048576,"[[524288, 32768, 262144, 16384], [32768, 16384, 131072, 1048576], [16384, 524288, 32768, 524288], [65536, 16384, 524288, 8192]]"
2026-01-18T18:06:30.252010,45940,2358174007895438656,4096,"[[4096, 2048, 512, 2048], [128, 4096, 2048, 512], [64, 1024, 512, 256], [2048, 512, 256, 1024]]"
2026-01-18T18:07:16.269666,2592828,2358174007895438656,262144,"[[8192, 262144, 4096, 8192], [4096, 32768, 131072, 262144], [131072, 8192, 65536, 32768], [4096, 2048, 32768, 16384]]"
2026-01-18T18:07:36.734723,3624,2358174007895438656,256,"[[128, 256, 32, 256], [256, 128, 256, 128], [128, 16, 128, 64], [32, 4, 8, 16]]"
2026-01-18T18:07:56.977598,2744,2358174007895438656,256,"[[256, 32, 128, 256], [32, 128, 32, 8], [8, 64, 2, 32], [4, 8, 32, 16]]"
2026-01-18T18:08:30.865523,117796,2358174007895438656,16384,"[[8192, 512, 16384, 8192], [1024, 8192, 1024, 2048], [256, 512, 8192, 512], [512, 4096, 2048, 1024]]"
2026-01-18T18:08:53.197676,14144,2358174007895438656,1024,"[[1024, 256, 1024, 32], [16, 32, 8, 1024], [128, 16, 1024, 32], [16, 256, 512, 64]]"
2026-01-18T18:09:12.199419,2868,2358174007895438656,256,"[[256, 64, 128, 16], [128, 256, 32, 128], [64, 128, 8, 16], [32, 16, 4, 2]]"
2026-01-18T18:09:39.388372,22264,2358174007895438656,2048,"[[2048, 1024, 2048, 512], [1024, 64, 1024, 64], [256, 1024, 512, 16], [128, 512, 256, 64]]"
2026-01-18T18:10:28.754799,3170552,2358174007895438656,262144,"[[262144, 65536, 262144, 65536], [131072, 4096, 131072, 16384], [4096, 65536, 4096, 65536], [65536, 8192, 2048, 16384]]"
2026-01-18T18:10:53.876327,6512,2358174007895438656,512,"[[256, 512, 4, 256], [4, 64, 256, 512], [64, 8, 512, 128], [256, 64, 16, 64]]"
2026-01-18T18:11:12.029436,6224,2358174007895438656,1024,"[[64, 256, 8, 16], [32, 1024, 256, 32], [8, 512, 64, 512], [32, 256, 32, 128]]"
2026-01-18T18:11:53.719265,108608,2358174007895438656,8192,"[[4096, 1024, 8192, 4096], [8192, 4096, 2048, 64], [4096, 8192, 512, 2048], [2048, 512, 128, 512]]"
2026-01-18T18:13:18.082625,6905621376,2358174007895438656,1073741824,"[[134217728, 536870912, 134217728, 16777216], [67108864, 134217728, 1073741824, 67108864], [16777216, 8388608, 536870912, 268435456], [67108864, 33554432, 67108864, 33554432]]"
2026-01-18T18:13:37.919577,8088,2358174007895438656,1024,"[[256, 512, 64, 256], [32, 1024, 32, 8], [1024, 128, 16, 64], [128, 512, 128, 32]]"
2026-01-18T18:14:00.051502,27396,2358174007895438656,4096,"[[1024, 2048, 1024, 64], [512, 1024, 256, 32], [256, 64, 2048, 128], [1024, 4096, 1024, 256]]"
2026-01-18T18:14:25.356053,22876,2358174007895438656,2048,"[[128, 512, 64, 2048], [32, 2048, 1024, 128], [16, 128, 256, 2048], [128, 64, 32, 1024]]"
2026-01-18T18:15:02.219529,42080,2358174007895438656,4096,"[[512, 1024, 4096, 2048], [256, 64, 2048, 128], [2048, 1024, 256, 1024], [1024, 256, 64, 32]]"
2026-01-18T18:15:36.726993,354308,2358174007895438656,32768,"[[16384, 8192, 2048, 32768], [512, 2048, 32768, 16384], [256, 1024, 4096, 2048], [4096, 512, 16384, 1024]]"
2026-01-18T18:16:49.845404,528956724,2358174007895438656,67108864,"[[33554432, 67108864, 4194304, 524288], [4194304, 33554432, 8388608, 4194304], [524288, 4194304, 33554432, 2097152], [4194304, 1048576, 2097152, 16777216]]"
2026-01-18T18:17:08.671834,6684,2358174007895438656,1024,"[[256, 1024, 512, 32], [128, 256, 64, 512], [256, 512, 32, 128], [16, 256, 64, 512]]"
2026-01-18T18:17:27.280715,4152,2358174007895438656,512,"[[32, 256, 64, 512], [16, 128, 32, 256], [8, 16, 256, 128], [64, 8, 64, 16]]"
2026-01-18T18:18:37.424538,1997379972,2358174007895438656,268435456,"[[4194304, 16777216, 268435456, 8388608], [2097152, 134217728, 33554432, 2097152], [134217728, 33554432, 134217728, 16777216], [67108864, 2097152, 16777216, 8388608]]"
2026-01-18T18:18:57.443124,8020,2358174007895438656,1024,"[[256, 1024, 512, 16], [8, 512, 64, 512], [16, 32, 512, 256], [8, 128, 256, 16]]"
2026-01-18T18:19:17.497448,4288,2358174007895438656,512,"[[128, 512, 128, 256], [8, 128, 4, 128], [32, 4, 128, 16], [16, 128, 4, 128]]"
2026-01-18T18:19:38.586740,8244,2358174007895438656,1024,"[[512, 1024, 128, 256], [256, 16, 512, 128], [32, 64, 256, 16], [512, 32, 64, 32]]"
2026-01-18T18:21:11.486847,4232403964,2358174007895438656,536870912,"[[8388608, 134217728, 268435456, 536870912], [4194304, 67108864, 134217728, 33554432], [33554432, 8388608, 268435456, 134217728], [134217728, 67108864, 4194304, 67108864]]"
2026-01-18T18:21:48.933681,196796,2358174007895438656,16384,"[[16384, 1024, 16384, 8192], [1024, 8192, 256, 4096], [16384, 256, 4096, 8192], [2048, 128, 512, 256]]"
2026-01-18T18:22:20.095124,78228,2358174007895438656,8192,"[[2048, 512, 8192, 512], [512, 64, 4096, 128], [8192, 512, 1024, 4096], [512, 1024, 128, 2048]]"
2026-01-18T18:22:38.063953,4444,2358174007895438656,512,"[[256, 512, 256, 64], [128, 64, 128, 8], [256, 32, 256, 32], [32, 128, 32, 16]]"
2026-01-18T18:23:22.454761,668984,2358174007895438656,65536,"[[16384, 65536, 8192, 512], [8192, 32768, 2048, 65536], [16384, 8192, 512, 16384], [8192, 1024, 16384, 4096]]"
2026-01-18T18:23:41.675887,5156,2358174007895438656,512,"[[512, 128, 256, 16], [256, 64, 32, 128], [512, 32, 256, 32], [256, 8, 32, 256]]"
2026-01-18T18:24:00.275451,3360,2358174007895438656,256,"[[64, 256, 32, 256], [16, 128, 256, 32], [8, 64, 32, 256], [2, 16, 4, 128]]"
2026-01-18T18:24:45.908962,1147288,2358174007895438656,131072,"[[131072, 65536, 1024, 131072], [65536, 32768, 16384, 65536], [32768, 16384, 1024, 16384], [16384, 8192, 32768, 8192]]"
2026-01-18T18:25:22.946617,79032,2358174007895438656,8192,"[[2048, 4096, 128, 2048], [512, 8192, 4096, 1024], [256, 64, 8192, 256], [1024, 2048, 4096, 1024]]"
2026-01-18T18:25:46.339532,26132,2358174007895438656,2048,"[[2048, 128, 2048, 256], [128, 2048, 128, 1024], [32, 128, 32, 512], [64, 256, 1024, 16]]"
2026-01-18T18:26:01.152092,3352,2358174007895438656,512,"[[16, 128, 512, 4], [8, 4, 256, 64], [4, 32, 64, 256], [128, 64, 256, 32]]"
2026-01-18T18:26:53.498342,1742176,2358174007895438656,262144,"[[65536, 32768, 2048, 16384], [32768, 65536, 262144, 4096], [4096, 32768, 2048, 16384], [32768, 2048, 131072, 4096]]"
2026-01-18T18:27:27.180454,56884,2358174007895438656,4096,"[[2048, 4096, 128, 2048], [1024, 2048, 4096, 1024], [512, 4096, 256, 64], [256, 2048, 1024, 2048]]"
2026-01-18T18:27:42.671550,2108,2358174007895438656,256,"[[128, 8, 256, 32], [64, 256, 64, 8], [32, 128, 8, 64], [4, 16, 4, 32]]"
2026-01-18T18:27:55.192409,1604,2358174007895438656,256,"[[128, 16, 128, 16], [32, 256, 64, 2], [2, 128, 32, 8], [4, 64, 8, 16]]"
2026-01-18T18:29:01.521218,67988708,2358174007895438656,8388608,"[[1048576, 524288, 8388608, 4194304], [262144, 4194304, 2097152, 1048576], [524288, 2097152, 524288, 262144], [131072, 262144, 4194304, 1048576]]"
2026-01-18T18:29:22.640746,9252,2358174007895438656,1024,"[[512, 32, 1024, 512], [256, 1024, 64, 32], [128, 512, 128, 256], [32, 256, 8, 64]]"
2026-01-18T18:29:46.442648,24932,2358174007895438656,2048,"[[64, 2048, 256, 64], [128, 256, 2048, 16], [32, 2048, 256, 1024], [64, 1024, 32, 512]]"
2026-01-18T18:30:44.627703,12670828,2358174007895438656,1048576,"[[1048576, 262144, 1048576, 131072], [131072, 32768, 524288, 65536], [65536, 8192, 16384, 1048576], [262144, 32768, 524288, 131072]]"
2026-01-18T18:31:06.360296,8424,2358174007895438656,1024,"[[32, 128, 1024, 256], [16, 64, 512, 64], [8, 512, 128, 512], [16, 256, 64, 128]]"
2026-01-18T18:31:45.107712,282164,2358174007895438656,32768,"[[16384, 32768, 16384, 1024], [2048, 16384, 4096, 512], [1024, 32768, 2048, 256], [4096, 8192, 1024, 2048]]"
2026-01-18T18:32:19.000556,572532,2358174007895438656,65536,"[[4096, 32768, 65536, 1024], [1024, 4096, 32768, 16384], [512, 2048, 4096, 512], [4096, 65536, 32768, 1024]]"
2026-01-18T18:32:54.775524,96560,2358174007895438656,8192,"[[4096, 1024, 8192, 4096], [1024, 4096, 512, 1024], [8192, 512, 256, 64], [1024, 256, 128, 2048]]"
2026-01-18T18:33:14.214679,5244,2358174007895438656,512,"[[8, 512, 256, 32], [512, 32, 16, 256], [256, 16, 4, 64], [32, 256, 16, 32]]"
2026-01-18T18:33:37.820920,15336,2358174007895438656,2048,"[[128, 256, 512, 16], [32, 2048, 64, 2048], [16, 32, 16, 256], [128, 512, 128, 1024]]"
2026-01-18T18:34:17.999762,332348,2358174007895438656,32768,"[[16384, 32768, 1024, 16384], [1024, 16384, 512, 2048], [32768, 8192, 16384, 1024], [8192, 4096, 1024, 512]]"
2026-01-18T18:34:45.575565,20612,2358174007895438656,2048,"[[512, 1024, 128, 2048], [128, 512, 1024, 256], [32, 1024, 128, 64], [64, 512, 1024, 16]]"
2026-01-18T18:35:20.069483,129736,2358174007895438656,8192,"[[2048, 8192, 1024, 8192], [128, 512, 4096, 512], [64, 8192, 1024, 8192], [512, 2048, 8192, 512]]"
2026-01-18T18:36:32.940647,715956396,2358174007895438656,67108864,"[[4194304, 2097152, 67108864, 4194304], [16777216, 1048576, 33554432, 524288], [8388608, 67108864, 8388608, 33554432], [1048576, 33554432, 524288, 4194304]]"
2026-01-18T18:36:46.712113,2036,2358174007895438656,256,"[[16, 256, 128, 64], [4, 64, 8, 256], [64, 32, 128, 16], [4, 16, 64, 128]]"
2026-01-18T18:37:11.759116,13148,2358174007895438656,1024,"[[64, 1024, 512, 128], [32, 512, 16, 32], [1024, 128, 1024, 8], [16, 32, 512, 64]]"
2026-01-18T18:38:58.762278,168808967380,2358174007895438656,17179869184,"[[536870912, 8589934592, 17179869184, 8589934592], [8589934592, 2147483648, 8589934592, 2147483648], [2147483648, 536870912, 268435456, 1073741824], [8589934592, 2147483648, 134217728, 2147483648]]"
2026-01-18T18:39:53.729722,4833132,2358174007895438656,524288,"[[8192, 16384, 524288, 65536], [524288, 8192, 262144, 32768], [65536, 4096, 32768, 16384], [262144, 8192, 262144, 65536]]"
2026-01-18T18:40:08.958471,3640,2358174007895438656,512,"[[256, 16, 512, 8], [64, 512, 16, 128], [4, 32, 256, 64], [8, 4, 128, 32]]"
--,--,--,--,--
2026-01-18T18:40:46.062620,1392,1392,256,"[[16, 32, 256, 32], [4, 16, 128, 16], [8, 128, 64, 4], [2, 16, 32, 64]]"
2026-01-18T18:41:01.917695,2380,2380,256,"[[64, 16, 128, 32], [32, 128, 4, 8], [256, 64, 256, 4], [16, 32, 64, 2]]"
2026-01-18T18:41:40.843021,662668,662668,65536,"[[8192, 32768, 65536, 1024], [2048, 8192, 32768, 512], [32768, 2048, 4096, 65536], [4096, 512, 8192, 4096]]"
2026-01-18T18:42:29.552609,4896720,4896720,524288,"[[16384, 524288, 16384, 524288], [8192, 131072, 262144, 32768], [4096, 65536, 131072, 8192], [65536, 32768, 65536, 131072]]"
2026-01-18T18:42:52.727262,7436,4896720,512,"[[64, 512, 32, 128], [256, 16, 512, 16], [64, 512, 128, 512], [16, 32, 64, 128]]"
2026-01-18T18:44:20.334552,8066847784,8066847784,1073741824,"[[268435456, 33554432, 1073741824, 16777216], [134217728, 16777216, 268435456, 8388608], [268435456, 536870912, 16777216, 268435456], [67108864, 33554432, 8388608, 134217728]]"
2026-01-18T18:44:44.773513,25096,8066847784,4096,"[[256, 2048, 4096, 256], [128, 256, 1024, 128], [64, 128, 512, 64], [512, 256, 2048, 32]]"
2026-01-18T18:46:07.989440,3824,3824,512,"[[16, 256, 512, 16], [4, 64, 128, 4], [64, 128, 64, 16], [8, 16, 128, 512]]"
2026-01-18T18:46:27.851277,5920,5920,512,"[[128, 512, 32, 512], [16, 128, 512, 8], [64, 16, 64, 4], [16, 128, 256, 128]]"
2026-01-18T18:47:23.757262,1334508,1334508,131072,"[[32768, 16384, 131072, 32768], [65536, 8192, 4096, 1024], [8192, 131072, 32768, 16384], [4096, 65536, 8192, 2048]]"
2026-01-18T18:47:41.516399,2884,1334508,256,"[[256, 128, 256, 128], [64, 32, 128, 8], [32, 128, 64, 4], [8, 16, 32, 2]]"
2026-01-18T18:48:00.123395,4256,1334508,512,"[[8, 512, 16, 64], [64, 256, 8, 16], [256, 64, 256, 8], [128, 16, 128, 16]]"
2026-01-18T18:48:35.904529,226036,1334508,32768,"[[4096, 32768, 4096, 2048], [1024, 2048, 256, 512], [512, 16384, 4096, 16384], [4096, 8192, 1024, 256]]"
2026-01-18T18:48:53.237099,2816,1334508,256,"[[8, 128, 256, 8], [256, 8, 4, 64], [32, 256, 16, 32], [16, 8, 4, 16]]"
2026-01-18T18:50:00.806850,13657212,13657212,1048576,"[[524288, 1048576, 524288, 262144], [131072, 524288, 8192, 131072], [1048576, 262144, 524288, 8192], [524288, 131072, 8192, 16384]]"
2026-01-18T18:51:06.077889,44387624,44387624,4194304,"[[4194304, 1048576, 4194304, 2097152], [2097152, 524288, 2097152, 524288], [32768, 65536, 1048576, 262144], [524288, 32768, 131072, 65536]]"
2026-01-18T18:51:26.971468,11228,44387624,1024,"[[1024, 512, 1024, 512], [256, 16, 128, 32], [128, 64, 1024, 256], [32, 128, 512, 64]]"
2026-01-18T18:51:39.067298,2624,44387624,512,"[[512, 16, 4, 16], [128, 4, 16, 128], [256, 32, 64, 32], [4, 64, 256, 128]]"
2026-01-18T18:52:09.583696,372552,44387624,65536,"[[2048, 4096, 65536, 8192], [512, 2048, 16384, 2048], [1024, 16384, 2048, 8192], [16384, 4096, 32768, 4096]]"
2026-01-18T18:52:59.785078,8688428,44387624,1048576,"[[8192, 1048576, 524288, 65536], [32768, 131072, 32768, 8192], [131072, 262144, 524288, 1048576], [8192, 65536, 262144, 32768]]"
2026-01-18T18:54:02.381110,201977388,201977388,33554432,"[[2097152, 33554432, 8388608, 1048576], [1048576, 8388608, 1048576, 524288], [262144, 4194304, 524288, 1048576], [524288, 16777216, 2097152, 4194304]]"
2026-01-18T18:54:16.143132,2460,201977388,512,"[[64, 4, 512, 32], [8, 64, 256, 16], [16, 4, 64, 4], [32, 256, 16, 128]]"
2026-01-18T18:54:46.258229,63284,201977388,8192,"[[4096, 2048, 1024, 64], [2048, 256, 128, 4096], [8192, 1024, 64, 2048], [2048, 256, 128, 64]]"
2026-01-18T18:55:07.975307,9684,201977388,1024,"[[1024, 8, 1024, 32], [256, 16, 512, 16], [32, 512, 32, 8], [512, 32, 64, 128]]"
2026-01-18T18:55:23.616053,2348,201977388,256,"[[128, 32, 128, 32], [64, 256, 4, 8], [16, 128, 2, 4], [128, 64, 4, 64]]"
2026-01-18T18:56:01.896255,887996,201977388,131072,"[[8192, 4096, 131072, 32768], [4096, 2048, 65536, 16384], [2048, 1024, 2048, 65536], [16384, 4096, 8192, 4096]]"
2026-01-18T18:57:07.123485,47202280,201977388,4194304,"[[1048576, 4194304, 2097152, 131072], [262144, 2097152, 1048576, 32768], [131072, 32768, 524288, 4194304], [262144, 524288, 262144, 2097152]]"
2026-01-18T18:57:22.969437,2040,201977388,256,"[[128, 256, 128, 32], [32, 128, 32, 128], [128, 32, 8, 32], [16, 128, 2, 4]]"
2026-01-18T18:57:53.271604,53080,201977388,4096,"[[4096, 2048, 4096, 2048], [512, 256, 2048, 256], [256, 4096, 1024, 2048], [512, 64, 256, 32]]"
2026-01-18T18:58:31.109918,653860,201977388,65536,"[[32768, 16384, 65536, 8192], [16384, 512, 4096, 32768], [512, 1024, 32768, 65536], [16384, 2048, 4096, 1024]]"
2026-01-18T18:58:53.248384,19844,201977388,2048,"[[16, 2048, 128, 512], [512, 1024, 16, 256], [32, 512, 2048, 128], [64, 256, 512, 1024]]"
2026-01-18T18:59:25.663398,247580,201977388,32768,"[[2048, 32768, 8192, 4096], [256, 2048, 512, 2048], [1024, 256, 16384, 4096], [256, 4096, 8192, 2048]]"
2026-01-18T19:00:09.139314,894680,201977388,131072,"[[4096, 16384, 131072, 8192], [32768, 2048, 65536, 4096], [8192, 16384, 4096, 2048], [4096, 1024, 32768, 4096]]"
2026-01-18T19:00:48.432734,269624,201977388,16384,"[[2048, 16384, 2048, 16384], [16384, 8192, 16384, 8192], [128, 1024, 8192, 2048], [512, 4096, 2048, 8192]]"
2026-01-18T19:01:11.005027,16552,201977388,2048,"[[512, 2048, 512, 256], [128, 512, 64, 32], [64, 128, 2048, 16], [1024, 64, 128, 32]]"
2026-01-18T19:01:26.640738,3108,201977388,512,"[[64, 32, 256, 32], [32, 128, 512, 16], [8, 64, 32, 256], [4, 16, 256, 8]]"
2026-01-18T19:02:32.971134,17341824,201977388,2097152,"[[1048576, 2097152, 131072, 1048576], [262144, 1048576, 65536, 131072], [131072, 262144, 16384, 524288], [1048576, 32768, 65536, 32768]]"
2026-01-18T19:03:00.376532,93512,201977388,8192,"[[64, 128, 8192, 64], [8192, 512, 1024, 256], [1024, 8192, 512, 64], [256, 1024, 8192, 4096]]"
2026-01-18T19:03:20.634733,8232,201977388,1024,"[[8, 128, 8, 1024], [256, 16, 256, 64], [8, 1024, 32, 8], [16, 256, 128, 64]]"
2026-01-18T19:04:25.254414,110407756,201977388,8388608,"[[8388608, 131072, 8388608, 262144], [2097152, 8388608, 1048576, 4194304], [262144, 131072, 8388608, 262144], [131072, 65536, 1048576, 4194304]]"
2026-01-18T19:04:48.434244,13888,201977388,2048,"[[64, 1024, 64, 512], [32, 128, 2048, 64], [512, 32, 1024, 256], [256, 64, 512, 32]]"
2026-01-18T19:05:04.919722,6044,201977388,1024,"[[32, 256, 1024, 256], [16, 512, 256, 64], [8, 64, 128, 256], [16, 8, 512, 128]]"
2026-01-18T19:06:36.571892,3294029736,3294029736,536870912,"[[134217728, 536870912, 268435456, 16777216], [33554432, 268435456, 33554432, 4194304], [8388608, 134217728, 16777216, 67108864], [268435456, 16777216, 8388608, 134217728]]"
2026-01-18T19:07:04.979940,12552,3294029736,1024,"[[512, 1024, 512, 1024], [32, 128, 64, 256], [512, 64, 16, 128], [8, 32, 256, 512]]"
2026-01-18T19:07:37.762063,277172,3294029736,32768,"[[1024, 16384, 32768, 16384], [256, 1024, 16384, 4096], [4096, 512, 2048, 16384], [2048, 8192, 1024, 4096]]"
2026-01-18T19:08:11.209618,80952,3294029736,8192,"[[1024, 256, 8192, 512], [256, 4096, 512, 256], [8192, 512, 4096, 64], [4096, 256, 1024, 128]]"
2026-01-18T19:08:27.705272,2860,3294029736,256,"[[256, 16, 32, 256], [32, 256, 8, 32], [4, 128, 4, 8], [8, 64, 128, 32]]"
2026-01-18T19:09:04.519779,47448,3294029736,4096,"[[128, 1024, 4096, 2048], [2048, 256, 2048, 512], [256, 4096, 1024, 2048], [1024, 256, 64, 256]]"
2026-01-18T19:09:36.297105,81720,3294029736,8192,"[[1024, 512, 1024, 8192], [8192, 64, 4096, 512], [2048, 4096, 2048, 256], [1024, 64, 512, 1024]]"
2026-01-18T19:09:54.249521,6368,3294029736,512,"[[512, 32, 4, 512], [16, 4, 512, 128], [8, 512, 64, 256], [256, 16, 8, 4]]"
2026-01-18T19:11:10.384706,22756988,3294029736,2097152,"[[2097152, 262144, 32768, 131072], [1048576, 131072, 1048576, 262144], [131072, 65536, 262144, 32768], [1048576, 2097152, 524288, 262144]]"
2026-01-18T19:11:24.981562,2268,3294029736,256,"[[32, 256, 16, 128], [8, 32, 256, 8], [128, 16, 128, 16], [32, 4, 32, 8]]"
2026-01-18T19:11:39.591069,1760,3294029736,256,"[[16, 128, 16, 64], [128, 64, 128, 16], [256, 16, 32, 4], [128, 8, 16, 64]]"
2026-01-18T19:11:54.393761,2912,3294029736,512,"[[32, 64, 32, 64], [8, 32, 4, 128], [256, 512, 16, 64], [128, 8, 4, 16]]"
2026-01-18T19:13:01.979839,52655264,3294029736,4194304,"[[32768, 4194304, 262144, 131072], [4194304, 524288, 2097152, 32768], [1048576, 4194304, 1048576, 2097152], [131072, 2097152, 65536, 1048576]]"
2026-01-18T19:13:36.066494,138284,3294029736,16384,"[[1024, 8192, 16384, 2048], [512, 4096, 2048, 1024], [8192, 2048, 1024, 256], [512, 1024, 4096, 8192]]"
2026-01-18T19:14:21.855745,908860,3294029736,131072,"[[32768, 2048, 32768, 4096], [8192, 131072, 16384, 1024], [32768, 65536, 1024, 65536], [8192, 32768, 4096, 16384]]"
2026-01-18T19:14:36.051322,1960,3294029736,256,"[[4, 64, 256, 32], [16, 32, 8, 16], [128, 16, 32, 8], [8, 4, 256, 16]]"
2026-01-18T19:16:28.855649,4783367854672,4783367854672,549755813888,"[[68719476736, 17179869184, 549755813888, 68719476736], [34359738368, 68719476736, 274877906944, 8589934592], [8589934592, 549755813888, 34359738368, 274877906944], [34359738368, 4294967296, 17179869184, 68719476736]]"
2026-01-18T19:16:54.793865,10912,4783367854672,1024,"[[512, 256, 1024, 256], [256, 32, 256, 64], [128, 16, 1024, 16], [8, 512, 128, 32]]"
2026-01-18T19:17:08.354664,2184,4783367854672,256,"[[128, 4, 16, 256], [32, 256, 8, 128], [8, 128, 4, 16], [16, 8, 2, 128]]"
2026-01-18T19:18:19.070007,110209036,4783367854672,16777216,"[[4194304, 131072, 4194304, 524288], [524288, 16777216, 524288, 262144], [262144, 2097152, 262144, 1048576], [4194304, 1048576, 2097152, 131072]]"
2026-01-18T19:18:34.343799,2592,4783367854672,256,"[[32, 256, 32, 16], [256, 2, 16, 2], [64, 256, 8, 128], [16, 128, 4, 8]]"
2026-01-18T19:19:01.098764,29168,4783367854672,2048,"[[2048, 1024, 2048, 64], [1024, 2048, 1024, 16], [128, 1024, 256, 1024], [1024, 512, 128, 16]]"
2026-01-18T19:19:21.796157,9240,4783367854672,1024,"[[128, 1024, 128, 512], [64, 256, 32, 128], [512, 32, 512, 8], [256, 512, 32, 64]]"
2026-01-18T19:19:44.367311,25668,4783367854672,4096,"[[64, 4096, 256, 512], [1024, 2048, 64, 128], [512, 1024, 128, 2048], [256, 64, 32, 1024]]"
2026-01-18T19:20:30.559888,10958148,4783367854672,1048576,"[[8192, 1048576, 262144, 1048576], [65536, 16384, 131072, 16384], [16384, 8192, 32768, 131072], [65536, 1048576, 262144, 524288]]"
2026-01-18T19:20:52.700714,5820,4783367854672,512,"[[64, 256, 512, 256], [512, 64, 128, 16], [128, 512, 64, 128], [32, 256, 16, 8]]"
2026-01-18T19:21:04.155436,1388,4783367854672,256,"[[256, 64, 16, 64], [128, 32, 128, 16], [4, 128, 32, 8], [2, 8, 64, 4]]"
2026-01-18T19:21:43.037255,880700,4783367854672,131072,"[[32768, 16384, 65536, 2048], [8192, 4096, 131072, 16384], [1024, 2048, 65536, 32768], [65536, 32768, 4096, 16384]]"
2026-01-18T19:22:04.536694,3560,4783367854672,256,"[[256, 128, 256, 64], [2, 256, 128, 32], [16, 32, 16, 256], [4, 8, 32, 128]]"
2026-01-18T19:22:37.363777,90472,4783367854672,8192,"[[512, 8192, 2048, 512], [256, 4096, 512, 128], [8192, 128, 8192, 64], [2048, 64, 2048, 128]]"
2026-01-18T19:22:52.586489,4140,4783367854672,512,"[[8, 256, 512, 256], [4, 128, 256, 32], [256, 8, 64, 8], [32, 64, 16, 4]]"
2026-01-18T20:11:55.822632,23644,23644,4096,"[[512, 1024, 512, 64], [256, 4096, 256, 32], [128, 1024, 64, 1024], [1024, 256, 32, 512]]"
2026-01-18T20:12:14.605847,4364,23644,512,"[[128, 16, 128, 512], [32, 512, 16, 128], [64, 128, 8, 64], [8, 4, 32, 256]]"
2026-01-18T20:12:36.319644,5672,23644,512,"[[64, 128, 512, 256], [16, 512, 256, 16], [32, 8, 16, 8], [256, 32, 64, 4]]"
2026-01-18T20:12:59.954451,11172,23644,1024,"[[64, 1024, 8, 1024], [16, 256, 64, 256], [1024, 64, 32, 64], [512, 256, 128, 8]]"
2026-01-18T20:13:39.902061,533844,533844,65536,"[[4096, 65536, 4096, 16384], [65536, 32768, 1024, 8192], [16384, 1024, 8192, 4096], [4096, 2048, 32768, 512]]"
2026-01-18T20:14:10.843372,28084,533844,2048,"[[2048, 16, 1024, 2048], [1024, 2048, 64, 256], [512, 1024, 128, 512], [16, 64, 1024, 32]]"
2026-01-18T20:14:30.054599,7496,533844,1024,"[[256, 512, 64, 8], [16, 256, 32, 256], [1024, 16, 8, 16], [128, 8, 32, 256]]"
2026-01-18T20:15:02.221167,45872,533844,4096,"[[4096, 1024, 4096, 1024], [32, 128, 512, 128], [512, 4096, 2048, 32], [256, 128, 1024, 512]]"
2026-01-18T20:38:40.078195,24591552,24591552,2097152,"[[524288, 131072, 2097152, 65536], [1048576, 2097152, 524288, 1048576], [65536, 1048576, 65536, 524288], [16384, 524288, 131072, 262144]]"
2026-01-18T20:38:55.946621,3960,24591552,512,"[[64, 4, 512, 64], [32, 256, 128, 256], [256, 8, 64, 8], [16, 4, 32, 64]]"
2026-01-18T20:39:12.891358,3028,24591552,512,"[[256, 32, 256, 16], [128, 512, 64, 8], [32, 128, 32, 4], [16, 32, 16, 128]]"
--,--,--,--,--
2026-01-18T20:39:49.880824,316924,24591552,32768,"[[512, 4096, 16384, 2048], [16384, 2048, 32768, 512], [4096, 32768, 16384, 256], [16384, 8192, 1024, 512]]"
2026-01-18T20:40:23.321341,595276,24591552,65536,"[[4096, 65536, 4096, 2048], [1024, 32768, 2048, 32768], [512, 16384, 65536, 4096], [4096, 8192, 16384, 1024]]"
2026-01-18T20:42:27.781107,10742224,10742224,1048576,"[[16384, 1048576, 262144, 524288], [524288, 65536, 16384, 262144], [65536, 8192, 262144, 524288], [16384, 131072, 8192, 32768]]"
2026-01-18T20:42:40.917012,1428,10742224,128,"[[64, 32, 128, 64], [32, 128, 64, 128], [128, 8, 32, 64], [16, 128, 16, 4]]"
2026-01-18T20:43:11.237674,43224,10742224,4096,"[[512, 2048, 128, 4096], [64, 512, 4096, 512], [256, 64, 2048, 1024], [64, 32, 512, 128]]"
2026-01-18T20:43:36.966678,18352,10742224,2048,"[[2048, 1024, 256, 64], [256, 64, 128, 32], [2048, 512, 64, 512], [16, 128, 512, 32]]"
2026-01-18T20:44:09.348602,137600,10742224,16384,"[[512, 8192, 256, 8192], [4096, 128, 16384, 512], [1024, 8192, 4096, 2048], [256, 1024, 256, 1024]]"
2026-01-18T20:44:40.040802,93960,10742224,8192,"[[512, 8192, 256, 4096], [256, 512, 8192, 512], [512, 8192, 512, 256], [2048, 4096, 2048, 1024]]"
2026-01-18T20:47:29.724704,3664,3664,512,"[[32, 512, 256, 8], [8, 64, 128, 32], [4, 8, 64, 512], [8, 128, 16, 128]]"
2026-01-18T20:47:59.372544,39784,39784,4096,"[[4096, 64, 128, 1024], [2048, 1024, 4096, 512], [1024, 256, 512, 128], [512, 64, 32, 1024]]"
2026-01-18T20:48:28.175606,14552,39784,2048,"[[512, 128, 512, 32], [256, 512, 64, 256], [16, 2048, 32, 128], [64, 1024, 16, 256]]"
2026-01-18T20:48:45.271991,7384,39784,1024,"[[1024, 512, 128, 16], [512, 128, 256, 512], [256, 64, 128, 64], [8, 16, 512, 128]]"
2026-01-18T20:49:06.991625,9264,39784,1024,"[[512, 16, 512, 128], [128, 32, 256, 32], [16, 1024, 64, 512], [64, 128, 16, 256]]"
2026-01-18T20:49:39.402726,140412,140412,16384,"[[128, 4096, 128, 256], [16384, 2048, 8192, 512], [2048, 256, 2048, 16384], [256, 8192, 1024, 8192]]"
2026-01-18T20:50:33.736304,2011744,2011744,262144,"[[65536, 32768, 65536, 4096], [131072, 8192, 262144, 16384], [2048, 4096, 16384, 131072], [65536, 16384, 131072, 4096]]"
2026-01-18T20:51:40.830408,31072908,31072908,4194304,"[[1048576, 131072, 4194304, 2097152], [131072, 1048576, 2097152, 262144], [32768, 131072, 262144, 131072], [524288, 65536, 1048576, 524288]]"
2026-01-18T20:52:49.757514,10373532,31072908,1048576,"[[262144, 1048576, 32768, 524288], [32768, 16384, 8192, 262144], [131072, 8192, 1048576, 65536], [65536, 131072, 262144, 32768]]"
2026-01-18T20:53:32.630174,221100,31072908,16384,"[[16384, 1024, 256, 4096], [8192, 512, 16384, 1024], [2048, 8192, 512, 16384], [512, 1024, 256, 8192]]"
2026-01-18T20:54:52.366946,268018444,268018444,33554432,"[[33554432, 2097152, 4194304, 262144], [8388608, 16777216, 1048576, 16777216], [262144, 8388608, 2097152, 4194304], [8388608, 4194304, 262144, 1048576]]"
2026-01-18T20:55:18.477734,26188,268018444,2048,"[[2048, 128, 2048, 256], [1024, 64, 1024, 64], [2048, 1024, 256, 1024], [512, 128, 32, 256]]"
2026-01-18T20:55:44.589710,20292,268018444,2048,"[[512, 64, 2048, 64], [64, 1024, 64, 512], [32, 512, 2048, 256], [16, 256, 1024, 64]]"
2026-01-18T20:55:58.382965,2396,268018444,256,"[[16, 64, 256, 16], [64, 8, 32, 256], [32, 4, 16, 2], [64, 256, 64, 16]]"
2026-01-19T11:04:42.790951,4388,4388,512,"[[256, 8, 256, 128], [32, 256, 64, 16], [256, 512, 256, 8], [4, 64, 128, 16]]"
--,--,--,--,--
2026-01-19T11:05:00.302555,3864,4388,512,"[[512, 64, 256, 16], [256, 32, 8, 128], [128, 16, 4, 16], [64, 128, 8, 256]]"
2026-01-19T11:05:32.044918,50212,50212,4096,"[[4096, 1024, 4096, 256], [2048, 32, 512, 128], [64, 1024, 256, 4096], [32, 256, 128, 2048]]"
2026-01-19T11:06:58.183711,835916740,835916740,67108864,"[[67108864, 8388608, 1048576, 4194304], [16777216, 524288, 33554432, 2097152], [8388608, 67108864, 2097152, 67108864], [524288, 1048576, 8388608, 16777216]]"
2026-01-19T11:07:29.727062,47956,835916740,4096,"[[512, 256, 4096, 1024], [4096, 128, 2048, 64], [2048, 4096, 512, 2048], [512, 32, 256, 1024]]"
2026-01-19T11:07:44.117215,3056,835916740,512,"[[256, 32, 8, 256], [128, 16, 512, 128], [64, 8, 256, 64], [8, 4, 128, 16]]"
2026-01-19T11:08:11.461377,17992,835916740,2048,"[[2048, 512, 1024, 512], [512, 256, 512, 128], [16, 128, 256, 64], [256, 512, 1024, 32]]"
2026-01-19T11:09:09.133502,2215220,835916740,131072,"[[131072, 65536, 8192, 131072], [1024, 8192, 131072, 65536], [8192, 131072, 65536, 8192], [1024, 65536, 16384, 2048]]"
2026-01-19T11:09:40.294330,42624,835916740,4096,"[[2048, 4096, 2048, 4096], [1024, 2048, 512, 64], [512, 1024, 64, 32], [256, 128, 2048, 64]]"
2026-01-19T11:10:22.925671,585876,835916740,65536,"[[32768, 16384, 32768, 16384], [8192, 512, 16384, 65536], [4096, 16384, 2048, 1024], [2048, 4096, 1024, 32768]]"
2026-01-19T11:10:50.905270,24132,835916740,2048,"[[512, 1024, 512, 2048], [32, 256, 2048, 128], [16, 512, 1024, 64], [128, 32, 512, 1024]]"
2026-01-19T11:11:20.789840,24412,835916740,2048,"[[64, 1024, 2048, 256], [2048, 512, 1024, 128], [1024, 128, 512, 32], [128, 16, 64, 512]]"
2026-01-19T11:11:38.733366,2620,835916740,256,"[[64, 128, 256, 128], [128, 64, 128, 256], [16, 4, 64, 128], [4, 128, 32, 8]]"
2026-01-19T11:12:03.979236,14636,835916740,1024,"[[128, 1024, 512, 256], [1024, 64, 1024, 128], [64, 8, 256, 1024], [512, 64, 128, 512]]"
2026-01-19T11:12:46.392185,681908,835916740,65536,"[[32768, 65536, 8192, 32768], [8192, 32768, 65536, 16384], [4096, 8192, 512, 8192], [2048, 4096, 16384, 32768]]"
2026-01-19T11:14:05.248830,24550840,835916740,2097152,"[[65536, 2097152, 32768, 524288], [1048576, 262144, 2097152, 32768], [524288, 65536, 262144, 1048576], [131072, 16384, 65536, 524288]]"
2026-01-19T11:15:22.038008,724384416,835916740,67108864,"[[16777216, 2097152, 67108864, 2097152], [4194304, 67108864, 33554432, 1048576], [2097152, 8388608, 2097152, 67108864], [524288, 4194304, 16777216, 33554432]]"
2026-01-19T11:15:47.084530,21604,835916740,2048,"[[512, 2048, 128, 16], [128, 256, 2048, 512], [32, 64, 1024, 256], [16, 32, 512, 1024]]"
2026-01-19T11:16:24.263456,147984,835916740,16384,"[[1024, 16384, 8192, 2048], [128, 512, 4096, 512], [4096, 16384, 256, 128], [256, 4096, 1024, 2048]]"
2026-01-19T11:16:45.977747,5108,835916740,512,"[[16, 256, 64, 256], [8, 128, 8, 512], [512, 16, 256, 8], [256, 8, 64, 32]]"
2026-01-19T11:17:27.569931,197192,835916740,16384,"[[8192, 4096, 8192, 16384], [4096, 2048, 16384, 1024], [2048, 1024, 8192, 512], [1024, 512, 4096, 128]]"
2026-01-19T11:17:48.197174,7788,835916740,1024,"[[32, 1024, 64, 512], [64, 512, 32, 128], [32, 256, 512, 64], [16, 64, 8, 16]]"
2026-01-19T11:18:03.639021,2568,835916740,256,"[[64, 256, 8, 64], [4, 8, 2, 32], [64, 256, 128, 256], [8, 2, 16, 128]]"
2026-01-19T11:18:27.457050,12752,835916740,2048,"[[512, 256, 1024, 256], [256, 32, 2048, 16], [128, 16, 128, 32], [64, 1024, 64, 128]]"
2026-01-19T11:19:06.929792,410352,835916740,32768,"[[4096, 32768, 4096, 32768], [2048, 4096, 16384, 2048], [512, 16384, 32768, 512], [16384, 2048, 1024, 4096]]"
2026-01-19T11:19:32.441474,38412,835916740,4096,"[[512, 128, 4096, 2048], [128, 4096, 2048, 512], [256, 2048, 512, 2048], [32, 256, 64, 1024]]"
2026-01-19T11:20:10.023584,174112,835916740,16384,"[[128, 4096, 8192, 4096], [16384, 1024, 128, 2048], [4096, 512, 16384, 256], [1024, 256, 4096, 128]]"
2026-01-19T11:20:43.689292,109604,835916740,8192,"[[128, 4096, 64, 2048], [8192, 128, 2048, 8192], [4096, 256, 128, 256], [1024, 128, 8192, 64]]"
2026-01-19T11:21:19.647915,170188,835916740,16384,"[[8192, 512, 16384, 512], [2048, 128, 1024, 256], [128, 8192, 16384, 128], [4096, 512, 4096, 8192]]"
2026-01-19T11:21:44.325835,15540,835916740,1024,"[[1024, 128, 1024, 256], [512, 1024, 512, 128], [1024, 512, 256, 64], [64, 256, 128, 16]]"
2026-01-19T11:22:31.907405,1290564,835916740,131072,"[[8192, 32768, 4096, 131072], [131072, 8192, 1024, 16384], [65536, 4096, 65536, 8192], [16384, 65536, 2048, 4096]]"
2026-01-19T11:22:43.984097,1508,835916740,256,"[[32, 128, 16, 2], [4, 8, 2, 4], [8, 64, 256, 8], [128, 32, 64, 4]]"
2026-01-19T11:23:01.728134,4792,835916740,512,"[[512, 128, 32, 256], [256, 64, 8, 32], [512, 256, 32, 4], [32, 8, 4, 128]]"
2026-01-19T11:23:17.159440,1876,835916740,256,"[[16, 128, 256, 32], [128, 16, 128, 16], [64, 4, 2, 8], [32, 16, 64, 4]]"
2026-01-19T11:23:30.493551,1612,835916740,256,"[[128, 16, 256, 8], [16, 8, 64, 4], [128, 16, 8, 32], [32, 8, 4, 128]]"
2026-01-19T11:24:05.600514,134936,835916740,8192,"[[512, 2048, 8192, 1024], [128, 8192, 2048, 8192], [8192, 4096, 128, 1024], [4096, 512, 64, 2048]]"
2026-01-19T11:24:27.618122,5596,835916740,512,"[[32, 512, 16, 256], [128, 16, 512, 16], [64, 8, 64, 8], [8, 64, 32, 256]]"
2026-01-19T11:25:08.617379,1393168,835916740,131072,"[[8192, 131072, 65536, 8192], [4096, 65536, 16384, 2048], [2048, 131072, 65536, 8192], [32768, 65536, 8192, 4096]]"
2026-01-19T11:25:35.749961,33508,835916740,4096,"[[256, 2048, 4096, 256], [4096, 256, 1024, 2048], [512, 128, 512, 256], [256, 1024, 256, 1024]]"
2026-01-19T11:26:43.361254,384055772,835916740,33554432,"[[8388608, 2097152, 4194304, 33554432], [33554432, 8388608, 2097152, 8388608], [16777216, 1048576, 524288, 4194304], [2097152, 262144, 33554432, 524288]]"
2026-01-19T11:27:04.046384,3176,835916740,256,"[[256, 128, 256, 128], [128, 16, 128, 64], [32, 256, 64, 16], [64, 128, 4, 8]]"
2026-01-19T11:29:01.989440,4602500180956,4602500180956,549755813888,"[[274877906944, 549755813888, 34359738368, 274877906944], [137438953472, 34359738368, 17179869184, 549755813888], [68719476736, 17179869184, 68719476736, 274877906944], [17179869184, 4294967296, 17179869184, 68719476736]]"
2026-01-19T11:29:43.152348,648400,4602500180956,65536,"[[65536, 32768, 4096, 16384], [32768, 8192, 512, 4096], [4096, 32768, 2048, 8192], [2048, 16384, 65536, 4096]]"
2026-01-19T11:30:54.936336,635911880,4602500180956,67108864,"[[33554432, 67108864, 8388608, 67108864], [16777216, 4194304, 2097152, 16777216], [8388608, 2097152, 4194304, 8388608], [524288, 1048576, 2097152, 33554432]]"
2026-01-19T11:31:15.601809,10976,4602500180956,1024,"[[32, 512, 64, 1024], [1024, 128, 16, 32], [512, 64, 8, 16], [256, 512, 32, 128]]"
2026-01-19T11:31:27.553262,1416,4602500180956,256,"[[16, 2, 4, 128], [4, 256, 2, 32], [2, 8, 128, 4], [64, 128, 16, 2]]"
2026-01-19T11:31:49.020757,6140,4602500180956,512,"[[32, 512, 256, 64], [256, 16, 32, 16], [64, 512, 16, 8], [512, 128, 32, 4]]"
2026-01-19T11:32:49.119732,12975436,4602500180956,1048576,"[[131072, 524288, 1048576, 262144], [524288, 32768, 524288, 65536], [262144, 1048576, 131072, 16384], [65536, 524288, 16384, 32768]]"
2026-01-19T11:33:20.169599,56720,4602500180956,8192,"[[512, 1024, 512, 2048], [128, 4096, 256, 1024], [2048, 8192, 64, 512], [512, 4096, 128, 2048]]"
2026-01-19T11:33:38.999591,2920,4602500180956,256,"[[16, 64, 256, 128], [256, 8, 16, 32], [32, 256, 2, 16], [128, 32, 8, 64]]"
2026-01-19T11:34:05.208922,35800,4602500180956,4096,"[[512, 4096, 512, 256], [64, 1024, 64, 128], [256, 128, 4096, 512], [1024, 64, 1024, 128]]"
2026-01-19T11:34:24.311855,5316,4602500180956,512,"[[256, 4, 64, 512], [128, 512, 8, 256], [64, 256, 4, 32], [256, 32, 64, 16]]"
2026-01-19T11:34:59.825546,184352,4602500180956,16384,"[[4096, 16384, 8192, 256], [1024, 8192, 1024, 16384], [256, 2048, 16384, 1024], [128, 1024, 8192, 2048]]"
2026-01-19T11:35:58.303284,911128,4602500180956,65536,"[[1024, 4096, 65536, 32768], [65536, 2048, 32768, 2048], [16384, 65536, 2048, 1024], [4096, 16384, 512, 8192]]"
2026-01-19T11:36:52.307961,2520660,4602500180956,262144,"[[16384, 131072, 262144, 131072], [8192, 32768, 131072, 65536], [32768, 8192, 32768, 2048], [131072, 4096, 16384, 32768]]"
2026-01-19T11:37:34.226825,100212,4602500180956,16384,"[[1024, 8192, 2048, 16384], [256, 2048, 1024, 4096], [128, 1024, 8192, 2048], [2048, 4096, 1024, 256]]"
2026-01-19T11:37:52.917137,4448,4602500180956,512,"[[8, 128, 512, 32], [4, 16, 4, 256], [512, 8, 128, 64], [16, 512, 64, 16]]"
2026-01-19T11:38:05.175803,1784,4602500180956,256,"[[128, 16, 8, 32], [64, 128, 2, 4], [32, 256, 8, 16], [256, 4, 2, 128]]"
2026-01-19T11:38:40.227868,172728,4602500180956,32768,"[[512, 2048, 32768, 8192], [4096, 512, 8192, 4096], [1024, 256, 1024, 2048], [4096, 512, 8192, 1024]]"
2026-01-19T11:39:03.611409,8968,4602500180956,1024,"[[8, 512, 1024, 128], [1024, 128, 512, 64], [64, 16, 256, 16], [32, 8, 128, 256]]"
2026-01-19T11:39:20.087334,2704,4602500180956,256,"[[256, 64, 128, 256], [128, 256, 16, 128], [64, 8, 2, 16], [16, 4, 16, 64]]"
2026-01-19T11:39:55.347615,242996,4602500180956,32768,"[[4096, 32768, 16384, 8192], [2048, 16384, 8192, 4096], [1024, 2048, 4096, 1024], [16384, 4096, 512, 256]]"
2026-01-19T11:40:32.539032,183220,4602500180956,16384,"[[16384, 8192, 16384, 4096], [4096, 1024, 8192, 256], [2048, 256, 1024, 128], [8192, 16384, 256, 2048]]"
2026-01-19T11:41:04.558700,26924,4602500180956,2048,"[[1024, 128, 2048, 1024], [512, 2048, 1024, 2048], [128, 1024, 512, 1024], [64, 16, 128, 512]]"
2026-01-19T11:41:48.621310,576344,4602500180956,65536,"[[32768, 65536, 4096, 65536], [4096, 32768, 2048, 8192], [8192, 2048, 1024, 4096], [16384, 8192, 2048, 16384]]"
2026-01-19T11:42:33.201348,428256,4602500180956,32768,"[[32768, 512, 2048, 8192], [8192, 32768, 16384, 4096], [2048, 16384, 4096, 2048], [1024, 4096, 16384, 8192]]"
2026-01-19T11:43:24.525019,3427380,4602500180956,262144,"[[8192, 131072, 2048, 8192], [262144, 8192, 131072, 262144], [131072, 16384, 262144, 65536], [32768, 8192, 2048, 8192]]"
2026-01-19T11:44:27.263720,5897592,4602500180956,524288,"[[524288, 131072, 524288, 131072], [131072, 16384, 131072, 65536], [65536, 4096, 65536, 32768], [131072, 16384, 262144, 8192]]"
2026-01-19T11:44:42.281433,2168,4602500180956,256,"[[128, 256, 64, 16], [32, 128, 8, 2], [256, 32, 128, 16], [2, 64, 2, 4]]"
2026-01-19T11:45:18.367913,362272,4602500180956,32768,"[[32768, 16384, 32768, 4096], [16384, 32768, 1024, 2048], [2048, 16384, 4096, 512], [512, 8192, 1024, 4096]]"
2026-01-19T11:45:42.034509,9020,4602500180956,1024,"[[256, 1024, 256, 512], [64, 512, 64, 256], [32, 128, 32, 64], [128, 512, 64, 8]]"
2026-01-19T13:46:02.615458,2416,2416,256,"[[64, 256, 32, 128], [2, 32, 256, 8], [128, 16, 64, 4], [8, 2, 32, 64]]"
2026-01-19T13:46:24.504928,10872,10872,1024,"[[512, 128, 1024, 512], [256, 64, 512, 64], [64, 32, 256, 16], [1024, 256, 32, 8]]"
2026-01-19T13:46:41.645631,2404,10872,256,"[[128, 64, 256, 64], [64, 4, 64, 16], [16, 2, 128, 2], [32, 256, 64, 16]]"
2026-01-19T13:46:53.338023,952,10872,128,"[[128, 64, 32, 128], [64, 32, 16, 64], [16, 2, 8, 16], [64, 16, 4, 128]]"
--,--,--,--,--
2026-01-19T13:48:06.902416,137373256,137373256,16777216,"[[2097152, 8388608, 524288, 4194304], [524288, 4194304, 1048576, 16777216], [2097152, 524288, 262144, 1048576], [262144, 8388608, 4194304, 131072]]"
2026-01-19T13:49:02.124573,3438508,137373256,262144,"[[262144, 65536, 131072, 262144], [65536, 32768, 8192, 131072], [4096, 65536, 262144, 65536], [131072, 16384, 2048, 32768]]"
2026-01-19T13:49:49.219481,6363616,137373256,524288,"[[262144, 4096, 8192, 524288], [32768, 262144, 4096, 262144], [8192, 65536, 524288, 131072], [262144, 32768, 16384, 32768]]"
2026-01-19T13:50:08.643617,7792,137373256,1024,"[[512, 128, 512, 256], [256, 32, 256, 64], [8, 1024, 32, 256], [16, 512, 64, 32]]"
2026-01-19T13:50:31.427243,7672,137373256,1024,"[[128, 256, 64, 256], [64, 16, 32, 64], [32, 512, 1024, 512], [8, 64, 512, 128]]"
2026-01-19T13:50:51.016655,3616,137373256,256,"[[256, 8, 256, 8], [8, 256, 16, 256], [256, 64, 4, 64], [128, 8, 2, 4]]"
2026-01-19T13:51:51.013406,17764808,137373256,2097152,"[[262144, 524288, 2097152, 524288], [131072, 262144, 1048576, 262144], [65536, 131072, 524288, 131072], [131072, 1048576, 262144, 16384]]"
2026-01-19T13:52:29.113245,282392,137373256,32768,"[[2048, 32768, 8192, 2048], [512, 4096, 512, 1024], [2048, 32768, 2048, 512], [256, 8192, 16384, 8192]]"
2026-01-19T13:53:22.461073,10294368,137373256,1048576,"[[16384, 131072, 1048576, 524288], [1048576, 65536, 524288, 32768], [65536, 32768, 16384, 65536], [524288, 16384, 65536, 32768]]"
2026-01-19T13:53:38.510332,3572,137373256,512,"[[512, 64, 128, 256], [256, 32, 16, 32], [128, 16, 8, 16], [16, 4, 32, 256]]"
2026-01-19T13:54:13.604795,36948,137373256,4096,"[[4096, 512, 1024, 4096], [512, 256, 128, 1024], [256, 128, 256, 128], [1024, 32, 128, 512]]"
2026-01-19T13:54:27.340382,1740,137373256,256,"[[128, 256, 32, 256], [64, 16, 4, 64], [32, 8, 64, 32], [16, 128, 4, 16]]"
2026-01-19T13:55:16.849549,824856,137373256,131072,"[[32768, 8192, 131072, 8192], [16384, 32768, 65536, 32768], [8192, 16384, 8192, 4096], [4096, 8192, 4096, 1024]]"
2026-01-19T13:56:47.245530,14619538324,14619538324,1073741824,"[[33554432, 1073741824, 67108864, 1073741824], [1073741824, 536870912, 33554432, 67108864], [536870912, 67108864, 536870912, 33554432], [33554432, 536870912, 134217728, 8388608]]"
2026-01-19T13:57:10.881127,7072,14619538324,512,"[[512, 256, 512, 16], [256, 512, 256, 64], [16, 256, 16, 8], [256, 128, 8, 128]]"
2026-01-19T13:58:43.416417,41749373116,41749373116,4294967296,"[[2147483648, 268435456, 536870912, 2147483648], [1073741824, 134217728, 33554432, 4294967296], [67108864, 268435456, 4294967296, 1073741824], [33554432, 134217728, 1073741824, 67108864]]"
2026-01-22T10:12:38.422188,1534,1534,256,"[[16, 256, 4, 16], [4, 32, 16, 8], [32, 4, 256, 1]]"
2026-01-22T10:12:50.720914,1160,1534,256,"[[8, 16, 128, 32], [4, 256, 4, 16], [2, 128, 2, 8]]"
2026-01-22T10:13:03.022809,1100,1534,128,"[[32, 128, 2, 128], [16, 32, 128, 32], [8, 1, 8, 16]]"
2026-01-22T10:13:15.119683,1148,1534,128,"[[128, 16, 1, 128], [64, 128, 2, 4], [16, 8, 128, 32]]"
2026-01-22T10:13:23.431836,208,1534,64,"[[8, 64, 16, 4], [4, 8, 4, 2], [2, 32, 16, 4]]"
2026-01-22T10:13:33.012486,446,1534,64,"[[64, 8, 32, 8], [16, 64, 8, 2], [64, 32, 4, 8]]"
2026-01-22T10:13:51.689487,574,574,128,"[[128, 4, 2, 4], [64, 2, 1, 2], [16, 64, 32, 16]]"
2026-01-22T10:14:46.721923,3112,3112,512,"[[32, 512, 256, 128], [16, 256, 64, 16], [8, 32, 16, 2]]"
2026-01-22T10:14:55.043786,764,3112,128,"[[8, 128, 8, 128], [4, 32, 4, 32], [8, 16, 64, 128]]"
2026-01-22T10:18:08.482345,10014084,10014084,1048576,"[[262144, 32768, 1048576, 16384], [131072, 8192, 32768, 131072], [8192, 65536, 524288, 65536], [4096, 524288, 262144, 1048576], [65536, 16384, 131072, 524288]]"
2026-01-22T10:18:52.371468,48184,10014084,4096,"[[2048, 4096, 2048, 512], [512, 2048, 64, 1024], [256, 4096, 256, 16], [4096, 2048, 64, 1024], [128, 512, 16, 32]]"
2026-01-22T10:19:14.501964,3168,10014084,256,"[[256, 32, 256, 4], [128, 4, 32, 128], [32, 256, 128, 64], [64, 128, 64, 16], [4, 64, 8, 2]]"
2026-01-22T10:49:13.404829,2700971784410840748742901699062174407615456036368830274402989830652831899034379409108138672797836327824038832,2700971784410840748742901699062174407615456036368830274402989830652831899034379409108138672797836327824038832,146783911423364576743092537299333564210980159306769991919205685720763064069663027716481187399048043939495936,"[[36695977855841144185773134324833391052745039826692497979801421430190766017415756929120296849762010984873984, 18347988927920572092886567162416695526372519913346248989900710715095383008707878464560148424881005492436992, 9173994463960286046443283581208347763186259956673124494950355357547691504353939232280074212440502746218496, 36695977855841144185773134324833391052745039826692497979801421430190766017415756929120296849762010984873984, 18347988927920572092886567162416695526372519913346248989900710715095383008707878464560148424881005492436992], [18347988927920572092886567162416695526372519913346248989900710715095383008707878464560148424881005492436992, 36695977855841144185773134324833391052745039826692497979801421430190766017415756929120296849762010984873984, 1146749307995035755805410447651043470398282494584140561868794419693461438044242404035009276555062843277312, 18347988927920572092886567162416695526372519913346248989900710715095383008707878464560148424881005492436992, 36695977855841144185773134324833391052745039826692497979801421430190766017415756929120296849762010984873984], [2293498615990071511610820895302086940796564989168281123737588839386922876088484808070018553110125686554624, 9173994463960286046443283581208347763186259956673124494950355357547691504353939232280074212440502746218496, 73391955711682288371546268649666782105490079653384995959602842860381532034831513858240593699524021969747968, 36695977855841144185773134324833391052745039826692497979801421430190766017415756929120296849762010984873984, 73391955711682288371546268649666782105490079653384995959602842860381532034831513858240593699524021969747968], [573374653997517877902705223825521735199141247292070280934397209846730719022121202017504638277531421638656, 2293498615990071511610820895302086940796564989168281123737588839386922876088484808070018553110125686554624, 146783911423364576743092537299333564210980159306769991919205685720763064069663027716481187399048043939495936, 4586997231980143023221641790604173881593129978336562247475177678773845752176969616140037106220251373109248, 573374653997517877902705223825521735199141247292070280934397209846730719022121202017504638277531421638656], [73391955711682288371546268649666782105490079653384995959602842860381532034831513858240593699524021969747968, 4586997231980143023221641790604173881593129978336562247475177678773845752176969616140037106220251373109248, 73391955711682288371546268649666782105490079653384995959602842860381532034831513858240593699524021969747968, 9173994463960286046443283581208347763186259956673124494950355357547691504353939232280074212440502746218496, 146783911423364576743092537299333564210980159306769991919205685720763064069663027716481187399048043939495936], [36695977855841144185773134324833391052745039826692497979801421430190766017415756929120296849762010984873984, 146783911423364576743092537299333564210980159306769991919205685720763064069663027716481187399048043939495936, 9173994463960286046443283581208347763186259956673124494950355357547691504353939232280074212440502746218496, 2293498615990071511610820895302086940796564989168281123737588839386922876088484808070018553110125686554624, 73391955711682288371546268649666782105490079653384995959602842860381532034831513858240593699524021969747968], [9173994463960286046443283581208347763186259956673124494950355357547691504353939232280074212440502746218496, 18347988927920572092886567162416695526372519913346248989900710715095383008707878464560148424881005492436992, 4586997231980143023221641790604173881593129978336562247475177678773845752176969616140037106220251373109248, 1146749307995035755805410447651043470398282494584140561868794419693461438044242404035009276555062843277312, 2293498615990071511610820895302086940796564989168281123737588839386922876088484808070018553110125686554624]]"
2026-01-22T19:46:56.979909,73372652,73372652,4194304,"[[524288, 4194304, 1048576, 16384, 131072], [131072, 32768, 524288, 2097152, 1048576], [16384, 262144, 65536, 262144, 524288], [8192, 131072, 8192, 32768, 2097152], [32768, 2097152, 524288, 2097152, 262144], [16384, 131072, 65536, 1048576, 65536], [4096, 16384, 32768, 262144, 8192]]"
2026-01-22T19:56:56.586376,129276,129276,8192,"[[512, 1024, 8192, 1024, 4096], [2048, 128, 1024, 512, 1024], [1024, 2048, 512, 128, 512], [2048, 1024, 256, 64, 256], [128, 512, 64, 32, 128]]"
2026-01-22T19:57:55.377666,4100,4100,256,"[[256, 32, 256, 64], [128, 16, 128, 32], [16, 8, 16, 128], [4, 16, 4, 32]]"
2026-01-22T19:59:00.435624,9732,9732,1024,"[[256, 16, 1024, 128], [64, 256, 64, 256], [32, 128, 32, 64], [16, 8, 16, 4]]"
2026-01-22T20:07:02.315998,1834267484,1834267484,134217728,"[[4194304, 67108864, 4194304, 134217728, 67108864], [33554432, 16777216, 2097152, 16777216, 33554432], [16777216, 524288, 262144, 1048576, 8388608], [2097152, 16777216, 2097152, 262144, 1048576], [33554432, 8388608, 1048576, 16777216, 262144], [2097152, 4194304, 524288, 4194304, 16777216], [1048576, 524288, 131072, 2097152, 524288]]"
2026-01-22T20:13:48.603604,140170288,1834267484,8388608,"[[2097152, 65536, 8388608, 1048576, 4194304], [524288, 32768, 1048576, 131072, 2097152], [4194304, 262144, 65536, 2097152, 262144], [131072, 1048576, 4194304, 524288, 131072], [1048576, 262144, 524288, 4194304, 2097152], [65536, 16384, 32768, 524288, 1048576], [32768, 262144, 16384, 65536, 131072]]"
2026-01-22T20:20:30.502467,12100560,1834267484,524288,"[[262144, 131072, 524288, 4096, 1024], [131072, 4096, 65536, 2048, 262144], [8192, 131072, 4096, 524288, 131072], [4096, 524288, 8192, 262144, 16384], [2048, 65536, 2048, 16384, 8192], [65536, 16384, 1024, 4096, 65536], [16384, 8192, 32768, 2048, 8192]]"
